datetime,mood,note
2025-08-01 09:12,Happy,Just started the day with a great coffee! â˜•
2025-08-01 14:47,å¼€å¿ƒ,åˆé¥­åƒå¾—è¶…çº§æ»¡è¶³ğŸ˜‹
2025-08-01 19:33,Neutral,æš®è‰²é‡Œå¹³å¹³æ·¡æ·¡çš„ä¸€å¤©ï¼Œåƒç™½çº¸ä¸€æ ·å®‰é™ğŸ“ï¼Œå…¬äº¤ä¸Šé‡åˆ°ä¸€ä¸ªä¼šå”±æ­Œçš„äºº
2025-08-02 08:19,å‹åŠ›å¤§,æ—©èµ·å°±è§‰å¾—ä»Šå¤©ä¼šä¹±å¥—
2025-08-02 13:05,Stressed,åˆåå¤ªå¤šå¾…åŠï¼Œå†³å®šå…ˆåšæœ€å…³é”®çš„ä¸€é¡¹ã€‚ï¼Œçª—å¤–çš„äº‘åƒæ£‰èŠ±ç³–
2025-08-03 10:41,Neutral,Everything's just meh today.
2025-08-03 16:23,Happy,ä¸‹åˆå¿ƒæƒ…ä¸é”™ï¼Œè¿è·¯è¾¹çš„çŒ«éƒ½åƒåœ¨å¯¹æˆ‘çœ¨çœ¼ğŸ˜ºï¼Œæ•£æ­¥äº†ä¸€ä¼šå„¿ï¼Œæœ‰ç‚¹æ„Ÿæ¦‚
2025-08-03 21:08,å¼€å¿ƒ,æ™šä¸Šæ•£æ­¥çœ‹åˆ°äº†ç¾ä¸½çš„å¤•é˜³ğŸŒ…
2025-08-04 07:55,Stressed,Alarm clock felt like an enemy this morning.
2025-08-04 12:36,Neutral,ä¸­åˆå·¥ä½œ/å­¦ä¹ æ­¥æ­¥æ¨è¿›ï¼Œç¨³ä¸­å¸¦è¿›å±•ã€‚ï¼Œæ•£æ­¥äº†ä¸€ä¼šå„¿ï¼Œæƒ³æ—©ç‚¹ç¡
2025-08-05 11:17,å¼€å¿ƒ,åˆé—´å¿ƒæƒ…ä¸é”™ï¼Œè¿è·¯è¾¹çš„çŒ«éƒ½åƒåœ¨å¯¹æˆ‘çœ¨çœ¼ğŸ˜ºï¼Œåšäº†ä¸ªå°ç»ƒä¹ ï¼Œå¿ƒæƒ…å¥½äº†
2025-08-05 15:49,Happy,Scored tickets to that concert! ğŸ¸
2025-08-05 20:24,å‹åŠ›å¤§,å·¥ä½œå †ç§¯å¦‚å±±ï¼Œè„‘å£³ç–¼
2025-08-06 09:03,Neutral,æ—©ä¸Šå¹³å¹³æ·¡æ·¡çš„ä¸€å¤©ï¼Œåƒç™½çº¸ä¸€æ ·å®‰é™ğŸ“ï¼Œå’Œæœ‹å‹èŠå¤©ï¼Œæƒ³æ—©ç‚¹ç¡
2025-08-06 14:58,Stressed,ä¸‹åˆå¤ªå¤šå¾…åŠï¼Œå†³å®šå…ˆåšæœ€å…³é”®çš„ä¸€é¡¹ã€‚å‘ç°è¡—è§’çš„æ¤ç‰©é•¿èƒ–äº†
2025-08-07 08:44,Happy,æ—©ä¸Šå¿ƒæƒ…ä¸é”™ï¼Œè¿è·¯è¾¹çš„çŒ«éƒ½åƒåœ¨å¯¹æˆ‘çœ¨çœ¼ğŸ˜ºï¼Œå¬äº†é¦–æ­Œï¼Œéœ€è¦æ›´å¤šç¡çœ 
2025-08-07 13:31,å¼€å¿ƒ,ä¸‹åˆæ‹äº†å¼ å¥½çœ‹çš„è‡ªæ‹ï¼Œè‡ªä¿¡çˆ†æ£šğŸ“¸ï¼Œçª—å¤–çš„äº‘åƒæ£‰èŠ±ç³–
2025-08-08 10:27,å‹åŠ›å¤§,æ—©ä¸Šå¤ªå¤šå¾…åŠï¼Œå†³å®šå…ˆåšæœ€å…³é”®çš„ä¸€é¡¹ã€‚ï¼Œå…¬äº¤ä¸Šé‡åˆ°ä¸€ä¸ªä¼šå”±æ­Œçš„äºº
2025-08-08 17:12,Neutral,Just chilling with some music.
2025-08-09 07:39,Stressed,Weekend but still got chores piling up.
2025-08-09 12:50,Happy,åˆé—´ç©ºæ°”é‡Œæœ‰ç³–æœå‘³ï¼ˆå¯èƒ½æ˜¯æˆ‘çš„å’–å•¡ï¼‰â˜•ï¼Œæ¡Œä¸Šå¤šäº†ä¸€åªç¬”
2025-08-09 18:46,å¼€å¿ƒ,æ™šä¸Šå¿ƒæƒ…ä¸é”™ï¼Œè¿è·¯è¾¹çš„çŒ«éƒ½åƒåœ¨å¯¹æˆ‘çœ¨çœ¼ğŸ˜ºï¼Œå–äº†æ¯å’–å•¡ï¼Œæƒ³æ—©ç‚¹ç¡
2025-08-10 09:22,Neutral,ä¸€æ—©å·¥ä½œ/å­¦ä¹ æ­¥æ­¥æ¨è¿›ï¼Œç¨³ä¸­å¸¦è¿›å±•ã€‚ï¼Œå…¬äº¤ä¸Šé‡åˆ°ä¸€ä¸ªä¼šå”±æ­Œçš„äºº
2025-08-10 15:07,å‹åŠ›å¤§,åˆåæ„Ÿè§‰è¢«æ—¶é—´è¿½ç€è·‘ï¼Œå–˜ä¸è¿‡æ°”æ¥ğŸ˜£ï¼Œæ•£æ­¥äº†ä¸€ä¼šå„¿ï¼Œéœ€è¦æ›´å¤šç¡çœ 
2025-08-11 11:53,Happy,Met up with old friends â€“ pure joy! ğŸ‘¯
2025-08-11 16:38,Stressed,Traffic jam ruined my vibe.
2025-08-12 08:16,å¼€å¿ƒ,
2025-08-12 14:01,Neutral,
2025-08-12 19:29,Happy,
2025-08-13 10:04,å‹åŠ›å¤§,è€ƒè¯•å‰å¤•ï¼Œç´§å¼ åˆ°çˆ†ç‚¸ğŸ’¥
2025-08-13 15:50,Stressed,
2025-08-14 09:35,Neutral,Another rainy day feeling blah.
2025-08-14 13:21,å¼€å¿ƒ,
2025-08-15 08:02,Happy,
2025-08-15 12:47,å‹åŠ›å¤§,
2025-08-15 18:13,Neutral,
2025-08-16 10:58,Stressed,Family drama kicking in again.
2025-08-16 16:44,Happy,
2025-08-17 07:30,å¼€å¿ƒ,
2025-08-17 14:16,Neutral,
2025-08-18 09:01,å‹åŠ›å¤§,
2025-08-18 13:47,Stressed,
2025-08-18 19:32,Happy,Tried a new recipe â€“ turned out amazing! ğŸ²
2025-08-19 11:18,Neutral,
2025-08-19 16:04,å¼€å¿ƒ,ä¸‹åˆèŒ¶æ—¶é—´ï¼Œæ”¾æ¾ä¸€ä¸‹ğŸµ
2025-08-20 08:49,Stressed,
2025-08-20 14:35,Happy,
2025-08-21 10:21,å‹åŠ›å¤§,
2025-08-21 15:06,Neutral,Just going through the motions.
2025-08-22 07:52,å¼€å¿ƒ,
2025-08-22 12:38,Happy,Watched a hilarious comedy show ğŸ˜‚
2025-08-22 18:23,Stressed,
2025-08-23 09:09,Neutral,
2025-08-23 14:54,å‹åŠ›å¤§,è´¦å•æ¥äº†ï¼Œå¿ƒå¡
2025-08-24 10:40,Happy,
2025-08-24 16:26,å¼€å¿ƒ,
2025-08-25 08:11,Stressed,Monday blues hitting hard.
2025-08-25 13:57,Neutral,
2025-08-25 19:42,å‹åŠ›å¤§,
2025-08-26 09:28,Happy,
2025-08-26 15:13,å¼€å¿ƒ,æ„å¤–æ”¶åˆ°ç¤¼ç‰©ï¼ŒæƒŠå–œï¼
2025-08-27 10:59,Neutral,
2025-08-27 16:45,Stressed,
2025-08-28 08:30,Happy,Started a new book â€“ loving it! ğŸ“–
2025-08-28 14:16,å‹åŠ›å¤§,
2025-08-29 10:02,Neutral,
2025-08-29 15:47,å¼€å¿ƒ,
2025-08-30 07:33,Stressed,
2025-08-30 13:19,Happy,
2025-08-30 19:04,Neutral,Evening walk cleared my head a bit.
2025-08-31 09:50,å‹åŠ›å¤§,æœˆåº•æ€»ç»“ï¼Œä»»åŠ¡æ²¡å®ŒæˆğŸ˜©
2025-08-31 15:36,å¼€å¿ƒ,
2025-09-01 11:21,Happy,
2025-09-01 17:07,Stressed,Meeting went longer than expected.
2025-09-02 08:53,Neutral,
2025-09-02 14:38,å¼€å¿ƒ,
2025-09-02 20:24,å‹åŠ›å¤§,
2025-09-03 10:10,Happy,Found a cool new playlist ğŸ¶
2025-09-03 15:55,Stressed,
2025-09-04 07:41,Neutral,
2025-09-04 13:27,å¼€å¿ƒ,
2025-09-04 19:12,Happy,
2025-09-05 09:58,å‹åŠ›å¤§,å’–å•¡æ´’äº†ï¼Œä¸€å¤©åå¼€å¤´
2025-09-05 15:44,Neutral,
2025-09-06 11:29,Stressed,
2025-09-06 17:15,Happy,
2025-09-07 08:00,å¼€å¿ƒ,å‘¨æ—¥æ‡’åºŠï¼Œå¥½æƒ¬æ„
2025-09-07 13:46,Neutral,
2025-09-07 19:31,å‹åŠ›å¤§,
2025-09-08 10:17,Happy,
2025-09-08 16:03,Stressed,Email inbox exploding.
2025-09-09 08:48,Neutral,
2025-09-09 14:34,å¼€å¿ƒ,
2025-09-10 10:19,å‹åŠ›å¤§,
2025-09-10 16:05,Happy,Won a small bet with friends! ğŸ†
2025-09-11 07:51,Neutral,
2025-09-11 13:36,Stressed,
2025-09-11 19:22,å¼€å¿ƒ,
2025-09-12 09:08,Happy,
2025-09-12 14:53,å‹åŠ›å¤§,é¡¹ç›®bugå¤šåˆ°æ€€ç–‘äººç”Ÿ
2025-09-13 10:39,Neutral,
2025-09-13 16:25,Stressed,
2025-09-14 08:10,Happy,Sunday brunch was delicious! ğŸ¥
2025-09-14 13:56,å¼€å¿ƒ,
2025-09-14 19:41,Neutral,
2025-09-15 09:27,å‹åŠ›å¤§,
2025-09-15 15:12,Stressed,
2025-09-16 10:58,Happy,
2025-09-16 16:44,Neutral,Just average nothing exciting.
2025-09-17 08:29,å¼€å¿ƒ,
2025-09-17 14:15,å‹åŠ›å¤§,
2025-09-17 20:00,Happy,Game night with buddies â€“ epic wins! ğŸ®
2025-09-18 09:46,Stressed,
2025-09-18 15:31,Neutral,
2025-09-19 11:17,å¼€å¿ƒ,å¤©æ°”å¥½ï¼Œå¿ƒæƒ…ä¹Ÿè·Ÿç€é£
2025-09-19 17:02,Happy,
2025-09-20 08:48,å‹åŠ›å¤§,
2025-09-20 14:33,Neutral,
2025-09-20 20:19,Stressed,Long day feet hurting.
2025-09-21 10:04,Happy,
2025-09-21 15:50,å¼€å¿ƒ,
2025-09-21 21:35,Neutral,
2025-09-22 07:21,å‹åŠ›å¤§,å‘¨ä¸€åˆæ¥äº†ï¼ŒåŠ¨åŠ›ä¸è¶³
2025-09-22 13:06,Happy,
2025-09-22 18:52,Stressed,
2025-09-22 20:06,å¼€å¿ƒ,
2025-09-23 20:06,å¼€å¿ƒ,ä»Šå¤©çš„èŠ‚å¥å°±åƒåè¿‡å±±è½¦ï¼Œä½†æˆ‘è¿˜æŒºäº«å—çš„ğŸ¢
2025-09-23 20:09,ä¸€èˆ¬,æ„Ÿè§‰ç”Ÿæ´»åœ¨å·å·å¯¹æˆ‘ç¬‘ğŸ¤­
2025-09-23 20:17,å¼€å¿ƒ,çªç„¶å‘ç°è‡ªå·±å±…ç„¶èƒ½ç†¬è¿‡ä»Šå¤©ï¼Œç»™è‡ªå·±é¼“ä¸ªæŒğŸ‘
2025-09-24 13:24,ä¸€èˆ¬,åˆæ¥å›¾ä¹¦é¦†å­¦ä¹ äº†
2025-09-24 14:17,å¼€å¿ƒ,æ˜æ˜æ˜¯å¹³å‡¡çš„ä¸€å¤©ï¼Œå´è§‰å¾—æœ‰ç‚¹é—ªå…‰âœ¨
2025-09-24 14:53,å¼€å¿ƒ,ä»Šå¤©çš„èŠ‚å¥å°±åƒåè¿‡å±±è½¦ï¼Œä½†æˆ‘è¿˜æŒºäº«å—çš„ğŸ¢
2025-09-24 16:25,å‹åŠ›å¤§,ä»Šå¤©çš„èŠ‚å¥å°±åƒåè¿‡å±±è½¦ï¼Œä½†æˆ‘è¿˜æŒºäº«å—çš„ğŸ¢
2025-09-24 16:26,å¼€å¿ƒ,ä»Šå¤©çš„å¤•é˜³å¥½åƒåœ¨ç»™æˆ‘æ‰“æ°”ğŸŒ‡
2025-09-24 17:05,å¼€å¿ƒ,æ„Ÿè§‰ç”Ÿæ´»åœ¨å·å·å¯¹æˆ‘ç¬‘ğŸ¤­
2025-09-24 17:07,å¼€å¿ƒ,æœ‰ç‚¹ç´¯ï¼Œä½†æœ‰é‚£ç§â€˜æˆ‘åœ¨å˜å‰å®³â€™çš„æ„Ÿè§‰ğŸ’ª
2025-09-24 17:10,å¼€å¿ƒ,æœ‰ç‚¹å°ç„¦è™‘ï¼Œä¸è¿‡å¬äº†ç‚¹éŸ³ä¹å°±å¥½å¤šäº†ğŸ§
2025-09-25 13:10,å¼€å¿ƒ,æ„Ÿè§‰ç”Ÿæ´»åœ¨å·å·å¯¹æˆ‘ç¬‘ğŸ¤­
2025-09-25 18:25,å¼€å¿ƒ,å­¦åˆ°æ–°ä¸œè¥¿çš„ç¬é—´çœŸçš„å¾ˆçˆ½ğŸ“š
2025-09-25 20:31,Happy,å’–å•¡ç»­å‘½çš„ä¸€å¤©â˜•ï¼Œæ•ˆç‡MAX
2025-09-26 13:35,Stressed,æœ‰ç‚¹å°ç„¦è™‘ï¼Œä¸è¿‡å¬äº†ç‚¹éŸ³ä¹å°±å¥½å¤šäº†ğŸ§
2025-09-27 07:13,å¼€å¿ƒ,ä»Šå¤©çš„èŠ‚å¥å°±åƒåè¿‡å±±è½¦ï¼Œä½†æˆ‘è¿˜æŒºäº«å—çš„ğŸ¢
2025-09-27 10:49,Happy,å’–å•¡ç»­å‘½çš„ä¸€å¤©â˜•ï¼Œæ•ˆç‡MAX
2025-09-27 20:59,Stressed,çªç„¶å‘ç°è‡ªå·±å±…ç„¶èƒ½ç†¬è¿‡ä»Šå¤©ï¼Œç»™è‡ªå·±é¼“ä¸ªæŒğŸ‘
2025-09-27 08:05,å¼€å¿ƒ,æœ‰ç‚¹å°ç„¦è™‘ï¼Œä¸è¿‡å¬äº†ç‚¹éŸ³ä¹å°±å¥½å¤šäº†ğŸ§
2025-09-28 12:22,Neutral,ä»Šå¤©çš„èŠ‚å¥å°±åƒåè¿‡å±±è½¦ï¼Œä½†æˆ‘è¿˜æŒºäº«å—çš„ğŸ¢
2025-09-28 14:52,Neutral,å’–å•¡ç»­å‘½çš„ä¸€å¤©â˜•ï¼Œæ•ˆç‡MAX
2025-09-28 07:38,Neutral,å’–å•¡ç»­å‘½çš„ä¸€å¤©â˜•ï¼Œæ•ˆç‡MAX
2025-09-29 20:22,Happy,ä»Šå¤©çš„å¤•é˜³å¥½åƒåœ¨ç»™æˆ‘æ‰“æ°”ğŸŒ‡
2025-09-29 13:50,å¼€å¿ƒ,ä»Šå¤©çš„èŠ‚å¥å°±åƒåè¿‡å±±è½¦ï¼Œä½†æˆ‘è¿˜æŒºäº«å—çš„ğŸ¢
2025-09-30 11:03,å¼€å¿ƒ,æ²¡å¹²å•¥æ­£äº‹ï¼Œä½†å¿ƒæƒ…è«åä¸é”™ğŸŒ¤ï¸
2025-09-30 15:47,Stressed,çªç„¶ä¸€é˜µç„¦è™‘ï¼Œä¸è¿‡å¬äº†ç‚¹éŸ³ä¹å°±å¥½å¤šäº†ğŸ§
2025-10-01 11:41,Happy,æ„Ÿè§‰ç”Ÿæ´»åœ¨å·å·å¯¹æˆ‘ç¬‘ğŸ¤­
2025-10-01 12:03,å‹åŠ›å¤§,æ²¡å¹²å•¥æ­£äº‹ï¼Œä½†å¿ƒæƒ…è«åä¸é”™ğŸŒ¤ï¸
2025-10-02 08:40,å‹åŠ›å¤§,æ˜æ˜æ˜¯å¹³å‡¡çš„ä¸€å¤©ï¼Œå´è§‰å¾—æœ‰ç‚¹é—ªå…‰âœ¨
2025-10-02 15:27,å‹åŠ›å¤§,æ„Ÿè§‰ç”Ÿæ´»åœ¨å·å·å¯¹æˆ‘ç¬‘ğŸ¤­
2025-10-02 20:33,å¼€å¿ƒ,æ˜æ˜æ˜¯å¹³å‡¡çš„ä¸€å¤©ï¼Œå´è§‰å¾—æœ‰ç‚¹é—ªå…‰âœ¨
2025-10-03 12:38,å‹åŠ›å¤§,æ²¡å¹²å•¥æ­£äº‹ï¼Œä½†å¿ƒæƒ…è«åä¸é”™ğŸŒ¤ï¸
2025-10-03 16:35,Neutral,æ˜æ˜æ˜¯å¹³å‡¡çš„ä¸€å¤©ï¼Œå´è§‰å¾—æœ‰ç‚¹é—ªå…‰âœ¨
2025-10-03 18:49,Happy,ä»Šå¤©çš„èŠ‚å¥å°±åƒåè¿‡å±±è½¦ï¼Œä½†æˆ‘è¿˜æŒºäº«å—çš„ğŸ¢
2025-10-04 07:27,Neutral,çªç„¶å‘ç°è‡ªå·±å±…ç„¶èƒ½ç†¬è¿‡ä»Šå¤©ï¼Œç»™è‡ªå·±é¼“ä¸ªæŒğŸ‘
2025-10-04 10:04,Neutral,æ˜æ˜æ˜¯å¹³å‡¡çš„ä¸€å¤©ï¼Œå´è§‰å¾—æœ‰ç‚¹é—ªå…‰âœ¨
2025-10-04 13:58,Neutral,"Just a lot of screen time today. My eyes feel like they need a vacation ğŸï¸"
2025-10-04 18:22,Happy,"Managed to finish a big project before the weekend! Freedom at last! ğŸ¦…"
2025-10-05 09:15,Happy,"Woke up feeling like I could conquer the world. Maybe just my to-do list first ğŸ‘‘"
2025-10-05 12:47,Neutral,"Brunch was good, but now I'm facing the laundry pile. The eternal struggle ğŸ§º"
2025-10-05 16:30,Stressed,"Accidentally deleted a file. Immediate panic mode activated! ğŸ˜±"
2025-10-05 21:05,Happy,"Crisis averted! File recovered. Time for a well-deserved reward (ice cream) ğŸ¦"
2025-10-06 10:20,Happy,"Lazy Sunday morning perfection. Just coffee and silence â˜•"
2025-10-06 14:03,Stressed,"Trying to plan the week ahead is already stressing me out. Send wine or wisdom ğŸ·"
2025-10-06 19:45,Neutral,"Watched a weird documentary. Don't know how I feel about it, just... confused ğŸ¤”"
2025-10-07 08:30,Happy,"Monday morning energy is a surprise! Ready to crush it ğŸ’ª"
2025-10-07 13:11,Neutral,"Feeling like a background character in my own movie today. Just coasting along ğŸ‘€"
2025-10-07 17:55,å¼€å¿ƒ,"ä¸‹ç­è·¯ä¸Šå¬åˆ°äº†å¾ˆæ£’çš„æ­Œï¼Œå¿ƒæƒ…è·Ÿç€è·³èµ·æ¥äº† ğŸ¶"
2025-10-07 22:18,Happy,"Had a great chat with a friend I hadn't seen in ages. Soul food! ğŸ‘¯â€â™€ï¸"
2025-10-08 09:40,Stressed,"The deadlines are multiplying like rabbits. Need a magical solution or just more caffeine ğŸ‡"
2025-10-08 14:26,Neutral,"Just focused on checking things off the list. Robot mode activated ğŸ¤–"
2025-10-08 19:10,å¼€å¿ƒ,"è‡ªå·±åšçš„æ™šé¤æ„å¤–çš„å¥½åƒï¼å¨è‰ºå¤§è¿›æ­¥ï¼ğŸ¥³"
2025-10-09 11:07,Happy,"Got a lovely surprise package in the mail! It's the small things that count ğŸ"
2025-10-09 15:45,Neutral,"It's a 'meh' kind of day. Everything is just okay, which is fine, I guess ğŸ¤·â€â™€ï¸"
2025-10-09 20:00,å‹åŠ›å¤§,"çªç„¶æƒ³èµ·æ¥æœ‰ä¸ªé‡è¦çš„äº‹æƒ…å¿˜äº†åšã€‚ä»Šæ™šè¦ç†¬å¤œäº†... ğŸŒƒ"
2025-10-10 07:40,Stressed,"Thought it was Friday, then realized it's only Thursday. A tragedy in two acts ğŸ­"
2025-10-10 12:15,Happy,"Had a genuinely funny moment with a colleague. Laughter is the best lunch break ğŸ˜‚"
2025-10-10 16:55,Neutral,"Quiet afternoon, just pushing pixels and drinking water. Hydrated and existing ğŸ’§"
2025-10-10 21:30,å¼€å¿ƒ,"çœ‹å®Œäº†ä¸€éƒ¨æœŸå¾…å·²ä¹…çš„ç”µå½±ï¼Œç»“å±€å¾ˆåœ†æ»¡ï¼ğŸ¬"
2025-10-11 08:50,Happy,"It IS Friday! The weekend vibes are already flowing through my veins ğŸ‰"
2025-10-11 13:22,Neutral,"Lunchtime walk was surprisingly refreshing. The air just smelled clean ğŸŒ¬ï¸"
2025-10-11 17:48,Stressed,"Left my keys at home. Classic Friday blunder. The struggle is real ğŸ¤¦â€â™‚ï¸"
2025-10-11 20:05,Happy,"Key retrieved. Now settling in for a perfectly peaceful, key-free evening ğŸ˜Œ"
2025-10-12 10:11,Happy,"Spent the whole morning baking, and the results are delicious! Domestic bliss ğŸ°"
2025-10-12 15:00,Neutral,"Just wandering around a local market. No goals, just browsing ğŸ›ï¸"
2025-10-12 19:33,å‹åŠ›å¤§,"æ˜å¤©å°±è¦æ•´ç†æˆ¿é—´äº†ï¼Œæƒ³æƒ³å°±å¤´ç–¼ï¼Œæ‹–å»¶ç—‡çŠ¯äº† ğŸ›‹ï¸"
2025-10-13 11:45,Happy,"Sunday freedom! Managed to sleep in AND have time for a full breakfast ğŸ³"
2025-10-13 15:52,Neutral,"Slow, cozy Sunday. Didn't do much, which is exactly what I needed ğŸ§˜"
2025-10-13 21:08,Stressed,"Got an email about an urgent Monday meeting. The Sunday Scaries have arrived early ğŸ‘»"
2025-10-14 09:20,Stressed,"Back to the grind. My brain is still in weekend mode, send help! ğŸ˜µ"
2025-10-14 13:40,Happy,"Conquered a tricky task at work. Feeling super competent! Like a tiny superhero ğŸ¦¸â€â™€ï¸"
2025-10-14 18:15,Neutral,"Decided to just have a quiet night in. No major decisions required. Blissful boredom ğŸ“º"
2025-10-15 08:00,Happy,"Got a full 8 hours of sleep. I am officially unstoppable today. Watch out, world! ğŸš€"
2025-10-15 12:35,å‹åŠ›å¤§,"åˆä¼‘æ—¶é—´ä¹Ÿåœ¨å›å¤é‚®ä»¶ï¼Œæ„Ÿè§‰è‡ªå·±æ˜¯ä¸ªæ°¸åŠ¨æœº âš™ï¸"
2025-10-15 17:10,Neutral,"Feeling a bit drained but not unhappy. Just... low battery ğŸ”‹"
2025-10-15 21:45,Happy,"Finished a book I've been meaning to read forever. Victory for my inner bookworm ğŸ“š"
2025-10-16 09:50,Stressed,"A sudden fire drill (metaphorically). Just put out three small crises in a row ğŸ”¥"
2025-10-16 14:15,Neutral,"The weather is grey, matching my productivity level. Just coasting â˜ï¸"
2025-10-16 19:00,å¼€å¿ƒ,"åœ¨è·¯ä¸Šé‡åˆ°äº†ä¸€åªéå¸¸å¯çˆ±çš„ç‹—ï¼è¢«æ²»æ„ˆäº†ååˆ†é’ŸğŸ¶"
2025-10-16 22:55,Happy,"Quiet evening with good music. My anxiety levels have dropped to zero ğŸ¶"
2025-10-17 08:30,Happy,"The sun is shining, my favorite song came on, everything feels right âœ¨"
2025-10-17 12:44,Neutral,"Just focused on breathing deeply and getting through the afternoon. Small wins count! ğŸ§˜"
2025-10-17 17:33,Stressed,"Last minute request dropped on my desk. Why is this always a Friday thing? ğŸ¤¯"
2025-10-17 21:05,Happy,"Managed to wrap up the drama. Now, let the weekend begin! ğŸ¥‚"
2025-10-18 10:10,Happy,"Saturday morning vibes! Coffee, freedom, and absolutely zero plans. Perfect ğŸ‰"
2025-10-18 14:50,Neutral,"Spent the afternoon organizing a drawer. Strangely satisfying but not 'happy' ğŸ—„ï¸"
2025-10-18 20:30,å¼€å¿ƒ,"è·Ÿæœ‹å‹ä¸€èµ·åƒäº†é¡¿è¶…çº§ç¾å‘³çš„ç«é”…ï¼å¹¸ç¦æ„Ÿçˆ†æ£šğŸ²"
2025-10-19 11:15,Stressed,"My smart home devices all failed at once. Technology is out to get me ğŸ¤–âŒ"
2025-10-19 15:40,Happy,"Managed to fix the WiFi router myself! Feeling incredibly powerful ğŸ”‹"
2025-10-19 19:00,Neutral,"Quiet evening. Watching the rain fall outside. A perfectly peaceful drone ğŸŒ§ï¸"
2025-10-20 08:25,Stressed,"Monday morning chaos is real. Already on my second cup of coffee and it's not working â˜•âŒ"
2025-10-20 12:59,Neutral,"Mid-day slump is hitting hard. Need a serious power nap or a time machine ğŸ˜´"
2025-10-20 15:30,å¼€å¿ƒ,"æ”¶åˆ°äº†åŒäº‹çš„å¤¸å¥–ï¼Œå°å°çš„è®¤å¯ç»™äº†æˆ‘å¤§å¤§çš„åŠ¨åŠ›ï¼ğŸŒŸ"
2025-10-20 18:40,Happy,"Made it through the Monday! Treating myself to my favorite take-out tonight. Reward earned ğŸ¥¡"
2025-10-20 21:15,Neutral,"Movie marathon and a snack coma. My brain is officially checked out for the night ğŸ¿"
2025-10-21 08:00,Happy,"Found the perfect outfit for today. Feeling confident and ready! ğŸŒŸ"
2025-10-21 12:45,Stressed,"Mid-day meeting ran over and derailed my entire schedule. Chaos reigns! ğŸ˜µ"
2025-10-21 17:30,Neutral,"Managed to salvage the afternoon. Just coasting into the evening now. Survival mode ğŸ’ª"
2025-10-21 20:55,å¼€å¿ƒ,"å’Œæœ‹å‹åœ¨å¥èº«æˆ¿æŒ¥æ±—å¦‚é›¨ï¼Œæ„Ÿè§‰èº«ä½“è¢«é‡å¯äº†ï¼ğŸ”‹"
2025-10-22 09:10,Happy,"Unexpectedly easy morning commute. It's the small miracles ğŸ˜‡"
2025-10-22 13:22,Neutral,"Lunch was forgettable. Need a chocolate pick-me-up later ğŸ«"
2025-10-22 16:55,å‹åŠ›å¤§,"ä¸€ä¸ªç³»ç»Ÿçªç„¶å´©æºƒäº†ã€‚æˆ‘æ˜¯ IT æ•‘æ˜Ÿå—ï¼Ÿä¸ï¼Œæˆ‘åªæ˜¯æƒ³ä¸‹ç­ ğŸ’»ğŸ”¥"
2025-10-22 22:07,Happy,"Solved the technical issue! Feeling like a hacker movie star. I deserve this sleep ğŸ˜´"
2025-10-23 07:45,Stressed,"Overslept slightly and now I'm running on pure panic and adrenaline. Bad start ğŸš¨"
2025-10-23 11:58,Neutral,"Catching up on emails like a professional ninja. Silent, deadly, and fueled by coffee â˜•"
2025-10-23 15:10,Happy,"Got a lovely compliment on my work! Day instantly improved tenfold ğŸ†"
2025-10-23 19:33,å¼€å¿ƒ,"å°è¯•äº†ä¸€ä¸ªæ–°çš„èœè°±ï¼Œéå¸¸æˆåŠŸï¼æ„Ÿè§‰å¯ä»¥å»å¼€é¤å…äº† ğŸ‘©â€ğŸ³"
2025-10-24 09:20,Happy,"Almost-Friday feeling is the best feeling. Powering through! âœ¨"
2025-10-24 14:05,Neutral,"The afternoon feels like it's in slow motion. Wishing for the weekend â³"
2025-10-24 18:15,Stressed,"Last-minute request pushed my dinner plans back. Why is it always Thursday? ğŸ˜¡"
2025-10-24 22:30,Happy,"Finally got to relax. Lying down feels like floating. Peaceful ğŸ˜Œ"
2025-10-25 08:30,Happy,"It's FRIDAY! The sheer joy of two days off is palpable ğŸ‰"
2025-10-25 13:50,Neutral,"Had a surprisingly insightful conversation with a stranger in line. Huh. ğŸ¤”"
2025-10-25 18:00,å¼€å¿ƒ,"å’Œè€æœ‹å‹çº¦äº†è§é¢ï¼ŒèŠå¤©èŠåˆ°åœä¸ä¸‹æ¥ï¼å‹è°Šä¸‡å² ğŸ‘¯"
2025-10-25 21:44,Happy,"Had a great night out. My laugh is loud and I don't care! ğŸ˜‚"
2025-10-26 10:11,Happy,"Weekend baking project is a go! Smells amazing in here ğŸ¥"
2025-10-26 15:00,Neutral,"Did some light cleaning. It's less fun than baking, but necessary. Adulting is hard ğŸ§¹"
2025-10-26 19:22,å‹åŠ›å¤§,"å‘¨æ—¥è¦å¼€å§‹å‡†å¤‡ä¸‹å‘¨çš„å·¥ä½œäº†ï¼Œæ„Ÿåˆ°å·¨å¤§çš„å¿ƒç†å‹åŠ› ğŸ“š"
2025-10-26 23:15,Stressed,"Can't stop doom-scrolling. Need to put the phone down and find my zen ğŸ“µ"
2025-10-27 11:30,Happy,"Managed to sleep late and still feel productive. Sunday magic! ğŸ’«"
2025-10-27 15:45,Neutral,"Reading a book by the window. Quiet and uneventful, which is perfect ğŸ“–"
2025-10-27 20:05,å¼€å¿ƒ,"å’Œå®¶äººä¸€èµ·åƒäº†æ¸©é¦¨çš„æ™šé¤ï¼Œç®€å•åˆå¹¸ç¦ ğŸ‘¨â€ğŸ‘©â€ğŸ‘§â€ğŸ‘¦"
2025-10-28 07:55,Stressed,"Back to the Monday grind. My motivation is currently on vacation. ğŸŒ´"
2025-10-28 13:10,Neutral,"Just focused on one task at a time. Trying not to look at the massive to-do list ğŸ‘ï¸"
2025-10-28 18:22,Happy,"Got an early win today! Leaving work earlier than expected. Small victory dance! ğŸ’ƒ"
2025-10-29 09:40,Happy,"Woke up with a solution to a problem I was stuck on. Brain power! ğŸ’¡"
2025-10-29 14:33,Neutral,"Day is dragging a little, but the sun is out, so that's a plus. â˜€ï¸"
2025-10-29 19:15,å‹åŠ›å¤§,"çªç„¶æ¥åˆ°ä¸€ä¸ªæ·±å¤œç”µè¯ï¼Œè¢«ä¸´æ—¶æ‹‰å»å¤„ç†ç´§æ€¥äº‹åŠ¡ã€‚ä»Šæ™šæ˜¯æ— çœ å¤œäº† ğŸ¦‰"
2025-10-30 08:15,Stressed,"Still recovering from last night's drama. Running on fumes and pure stubbornness. â›½ï¸"
2025-10-30 13:00,Happy,"Coffee and a good sandwich saved my life. Immediate mood boost! ğŸ¥ª"
2025-10-30 17:40,Neutral,"Feeling balanced but tired. Like I just finished a marathon and now I'm sitting down. ğŸ‘Ÿ"
2025-10-30 21:05,å¼€å¿ƒ,"ä¸ºä¸‡åœ£èŠ‚ä¹°äº†å¯çˆ±çš„è£…é¥°å“ï¼æœŸå¾…æ˜å¤©çš„æ´¾å¯¹æ°”æ°› ğŸƒ"
2025-10-31 09:30,Happy,"It's Halloween! Dressing up and feeling festive, even at work! ğŸ‘»"
2025-10-31 14:10,Neutral,"Trying to resist eating all the candy before the trick-or-treaters arrive. It's a test of will. ğŸ¬"
2025-10-31 19:50,Happy,"The Halloween party is a huge success! Laughter, costumes, and spooky fun! ğŸ¥³"
